[
  {
    "title": "[闭嘴]",
    "icon": "https://howcode.online/emo/闭嘴.png"
  },
  {
    "title": "[尬笑]",
    "icon": "https://howcode.online/emo/尬笑.png"
  },
  {
    "title": "[害怕]",
    "icon": "https://howcode.online/emo/害怕.png"
  },
  {
    "title": "[奸笑]",
    "icon": "https://howcode.online/emo/奸笑.png"
  },
  {
    "title": "[静音]",
    "icon": "https://howcode.online/emo/静音.png"
  },
  {
    "title": "[开心]",
    "icon": "https://howcode.online/emo/开心.png"
  },
  {
    "title": "[口罩]",
    "icon": "https://howcode.online/emo/口罩.png"
  },
  {
    "title": "[哭]",
    "icon": "https://howcode.online/emo/哭.png"
  },
  {
    "title": "[酷]",
    "icon": "https://howcode.online/emo/酷.png"
  },
  {
    "title": "[流汗]",
    "icon": "https://howcode.online/emo/流汗.png"
  },
  {
    "title": "[懵B]",
    "icon": "https://howcode.online/emo/懵B.png"
  },
  {
    "title": "[迷茫]",
    "icon": "https://howcode.online/emo/迷茫.png"
  },
  {
    "title": "[面无表情]",
    "icon": "https://howcode.online/emo/面无表情.png"
  },
  {
    "title": "[魔鬼]",
    "icon": "https://howcode.online/emo/魔鬼.png"
  },
  {
    "title": "[难过]",
    "icon": "https://howcode.online/emo/难过.png"
  },
  {
    "title": "[呕吐]",
    "icon": "https://howcode.online/emo/呕吐.png"
  },
  {
    "title": "[疲惫]",
    "icon": "https://howcode.online/emo/疲惫.png"
  },
  {
    "title": "[亲吻]",
    "icon": "https://howcode.online/emo/亲吻.png"
  },
  {
    "title": "[热恋]",
    "icon": "https://howcode.online/emo/热恋.png"
  },
  {
    "title": "[生病]",
    "icon": "https://howcode.online/emo/生病.png"
  },
  {
    "title": "[生气]",
    "icon": "https://howcode.online/emo/生气.png"
  },
  {
    "title": "[受伤]",
    "icon": "https://howcode.online/emo/受伤.png"
  },
  {
    "title": "[睡觉]",
    "icon": "https://howcode.online/emo/睡觉.png"
  },
  {
    "title": "[思考]",
    "icon": "https://howcode.online/emo/思考.png"
  },
  {
    "title": "[天使]",
    "icon": "https://howcode.online/emo/天使.png"
  },
  {
    "title": "[头晕]",
    "icon": "https://howcode.online/emo/头晕.png"
  },
  {
    "title": "[吐舌]",
    "icon": "https://howcode.online/emo/吐舌.png"
  },
  {
    "title": "[笑哭]",
    "icon": "https://howcode.online/emo/笑哭.png"
  },
  {
    "title": "[斜眼]",
    "icon": "https://howcode.online/emo/斜眼.png"
  },
  {
    "title": "[眼红]",
    "icon": "https://howcode.online/emo/眼红.png"
  },
  {
    "title": "[眨眼]",
    "icon": "https://howcode.online/emo/眨眼.png"
  },
  {
    "title": "[震惊]",
    "icon": "https://howcode.online/emo/震惊.png"
  },
  {
    "title": "[中毒]",
    "icon": "https://howcode.online/emo/中毒.png"
  }
]